chromosome,position,ref,alt,quality,allele_frequency
chr11,2168533,T,A,29.72170828966298,0.11031798083151378
chr11,2163741,G,A,28.97600658648751,0.2717962892322135
chr11,2171726,T,A,28.247168350331666,0.01015861249433464
chr11,2180622,A,C,17.80326608774707,0.4236156699972422
chr11,2169355,C,T,23.303007994678566,0.2619075208310791
chr11,2167910,C,T,53.33960810528939,0.4062369122083831
chr11,2167007,C,C,42.8193443103437,0.2785914047085939
chr11,2172989,A,T,35.1158815529275,0.12181539383413503
chr11,2167589,C,C,32.81794269618467,0.4663645089375506
chr11,2177731,T,C,40.98984425834939,0.4809406997304797
chr11,2177233,T,A,34.22076900432664,0.36643429793590515
chr11,2159807,G,C,24.747702328089005,0.024435054632237163
chr11,2174812,A,C,41.296440619951426,0.44230889062291284
chr11,2171507,C,T,39.14030106762488,0.20476647918447483
chr11,2162778,G,T,43.2956933355496,0.4412893991605491
chr11,2177501,T,C,41.936761061609126,0.06526423608023607
chr11,2173893,A,A,41.00787536312915,0.02005760057288608
chr11,2159629,A,G,44.997817898817594,0.0141423518131647
chr11,2162353,T,A,38.07445111746935,0.4193846744347084
chr11,2167910,C,G,31.888331344608176,0.4138626931444165
chr11,2168696,T,T,26.79537066284837,0.029452943563832212
chr11,2177672,A,T,42.93974818025449,0.46750827010762813
chr11,2160461,C,T,24.030423302117256,0.47282010506680344
chr11,2159223,T,C,48.86230678690003,0.05405721111292633
chr11,2180536,T,G,48.55278336566265,0.2854926533757875
chr11,2180568,T,G,35.85788105604707,0.40311042418795473
chr11,2166913,A,A,32.19510496755791,0.4701166604729441
chr11,2172169,A,T,26.73285508862691,0.35268377584863103
chr11,2169437,G,A,27.640273488077504,0.10225738890788089
chr11,2179536,G,A,41.93533373080724,0.35102328123081306
chr11,2161753,C,T,28.965160841230954,0.1826272131116305
chr11,2179816,G,G,36.68648095751125,0.4981005713861105
chr11,2170255,A,A,40.41477730768528,0.4781814804046638
chr11,2165157,G,T,64.45671758600578,0.3565372566274574
chr11,2167028,T,G,17.384607099323716,0.33514505665677113
chr11,2178301,A,G,35.38385201180911,0.47909047926281967
chr11,2176262,C,C,43.774007316508055,0.3224292150739054
chr11,2175960,T,G,32.3037732799331,0.2963419171430397
chr11,2178081,C,T,49.68208445333742,0.15653489112471586
chr11,2180585,A,A,30.363695548964717,0.4062167041833222
chr11,2180272,G,C,31.285252316282673,0.35479144283269315
chr11,2161436,G,G,30.399732853360085,0.41551771794328385
chr11,2169381,A,C,54.259111464128154,0.30026267650626154
chr11,2162311,A,A,47.14060369151129,0.03838684538757553
chr11,2172561,G,A,51.32218307013875,0.136825943184347
chr11,2162079,A,C,52.594852407976596,0.44619729095208643
chr11,2172691,C,G,37.99905316236739,0.08985016505973059
chr11,2165134,T,C,36.72570370131472,0.25395156508326133
chr11,2174282,C,G,39.019772927515476,0.06849918895040435
chr11,2164002,A,G,51.22253304873527,0.14120997078349207
chr11,2175533,A,C,47.106485679529264,0.04481906161258592
chr11,2162638,G,C,35.143548337850234,0.38952746955445694
chr11,2172277,A,T,41.69739732228904,0.2409829623087832
chr11,2169872,T,C,29.787914881474702,0.36242942721067367
chr11,2170774,T,T,37.13538381625978,0.3102440330582816
chr11,2159154,T,C,23.68595100388844,0.0767403786463644
chr11,2174861,C,T,40.6104291776669,0.3898108197767841
chr11,2161191,T,C,46.775782510563864,0.42452885779039473
chr11,2179504,A,T,10.885881421785193,0.30915237598486767
chr11,2173648,T,G,28.066320929802835,0.14519628464202688
chr11,2169683,G,T,31.707552023100792,0.08903392441620822
chr11,2169074,G,T,36.54200184378962,0.39606091963643547
chr11,2162976,T,C,46.099811179258914,0.2807644577208553
chr11,2164330,T,C,34.483684432736915,0.12703633389250824
chr11,2179611,C,G,45.821416134583906,0.21494765005656624
chr11,2174177,C,C,58.624662228945866,0.25504735905093473
chr11,2178028,A,C,46.545698508945264,0.05551691572466455
chr11,2163378,T,C,29.526976824699478,0.013726432532494448
chr11,2180019,G,G,35.341087946415605,0.1848506896423791
chr11,2166620,C,C,51.759623827606745,0.3649025174270534
chr11,2162786,A,T,57.14877495170811,0.40684196954182367
chr11,2166945,T,G,47.22945764936796,0.24455817134812474
chr11,2180853,G,T,38.79450206602043,0.19398829260266587
chr11,2176595,G,G,42.55490180170104,0.44934281593348674
chr11,2164029,C,C,60.751180405927016,0.35125632751234653
chr11,2163216,T,G,46.05053006304587,0.02322600116332474
chr11,2171570,G,T,34.18644724010544,0.09569872609015118
chr11,2161109,G,A,57.96096363495863,0.058871717231013976
chr11,2160839,T,C,33.850430383230226,0.296233297434111
chr11,2160527,A,T,43.75508002700546,0.3112573790634085
chr11,2177510,T,A,35.788334607134985,0.02723767180562109
chr11,2160406,G,G,16.334582964564348,0.09483938954182608
chr11,2175341,C,T,46.21353325758831,0.23059281989329233
chr11,2161056,C,C,25.850547779730277,0.3495124553420436
chr11,2169815,T,G,52.564084723419484,0.09303747537238527
chr11,2179343,A,C,36.580119727260936,0.11677863339278399
chr11,2166352,C,G,35.41291791234068,0.2594472708928233
chr11,2173899,T,A,34.43265228369016,0.17925433387953044
chr11,2161778,C,T,16.551867885591577,0.3696518255348914
chr11,2176165,A,C,43.921083071128606,0.26059181769760575
chr11,2167629,G,C,57.56034510648553,0.4674132523242667
chr11,2162123,A,T,44.98337338727607,0.010868871050810747
chr11,2161830,T,G,30.94728342432757,0.23958113381058682
chr11,2175888,C,A,38.153667822148336,0.45038542978721186
chr11,2168783,A,T,48.7516566383879,0.10345037209694369
chr11,2160940,G,C,34.008295190298846,0.1433157441785382
chr11,2169137,G,A,34.56914622871238,0.07717956520894914
chr11,2178474,G,A,45.06266494381493,0.45354167270829115
chr11,2180699,A,T,14.803851327317478,0.05002535071426584
chr11,2172476,C,C,53.78684332688216,0.2398415783442081
